,Timestamp,consent,What is your gender?,What is your age?,What college are you from?,What is your current major?,What is your level of education?,"What year of college are you in? (only for ""Some college"")",Have you had an internship or are going to have an internship related to your field of study?,Are any immediate family members in the robotics field?,I am comfortable writing code in Python ,"I am familiar with interactive computing tools (Jupyter Notebook, Google Colab, etc.)",I have previous experience in robotics,I am familiar with how sensors are used in robotics,"I am familiar with concepts like LiDAR, mapping, or sensor noise.",I am confident in transforming LiDAR scan data between coordinate frames.,I am confident in implementing or modifying Bresenham’s line algorithm.,I am familiar with occupancy grid mapping (OGM). I am confident in updating an occupancy grid map using sensor data.,I understand how simulation tools are used in robotics,I understand the concept of Bayesian estimation.,I understand the relationship between robot pose uncertainty and map uncertainty.,What has prevented you from engaging in robotics before? (Select all that apply),What might make it hard for you to continue exploring robotics? (Select all that apply) ,Which parts of robotics interest you? (Select all that apply)  ,What interests you about learning robotics? (Select all that apply),What do you hope to learn from this workshop? (Select all that apply),What made you sign up for this workshop?,I am interested in learning more about robotics,I am interested in artificial intelligence (AI),I would consider taking a robotics-related class. ,I believe that engaging in this workshop can help my career,I feel confident I could learn the basics of simultaneous localization and mapping (SLAM),I understand what robotic systems may be useful for,I believe that robotics knowledge is inaccessible,email
6,1/12/2026 8:00:03,Yes,Male,20,University of California San Diego,Mechanical Engineering w/ Specialization in Controls and Robotics,Some college,Third year,No,No,2.0,1.0,4.0,2.0,1.0,1.0,1.0,1.0,2.0,1.0,1.0,"Lack of resources, Lack of confidence, No prior exposure, Not sure where to start","Not enough time, Not enough background, Not sure where to start, I don’t feel like I belong in this space","Building hardware / mechanical design, Embedded programming (Arduino, microcontrollers), Machine learning for robotics, Human-robot interaction, Robot simulation (Gazebo, PyBullet, etc.)","Curiosity about robotics, Interest in AI/autonomy, Hands-on experience, Career goals, Learning programming","Deeper understanding of simulations (PyBullet), Robotics programming, Mapping and perception, Understanding sensors",I’m currently a part of a club called Triton Droids at UCSD which is a Humanoid robot club.,7.0,5.0,7.0,7.0,4.0,3.0,4.0,j4miranda@ucsd.edu
7,1/12/2026 8:04:36,Yes,Female,25 or older,University of California San Diego,Mechanical Engineering ,Bachelor's Degree,Fourth year,No,No,4.0,1.0,2.0,1.0,1.0,1.0,1.0,1.0,1.0,1.0,1.0,"No prior exposure, Not sure where to start","Not enough time, Not enough background, Cost of parts/tools, Hard to find guidance/mentors, Not sure where to start","Building hardware / mechanical design, Electronics / sensors, Embedded programming (Arduino, microcontrollers), Robot control (PID, motion), Machine learning for robotics, Planning / navigation (mapping, path planning), Product/design applications (healthcare, manufacturing, home), Robot simulation (Gazebo, PyBullet, etc.)","Curiosity about robotics, Career goals, Learning programming","Deeper understanding of simulations (PyBullet), Robotics programming, Mapping and perception, Understanding sensors",Curiosity ,7.0,6.0,7.0,4.0,5.0,6.0,5.0,cahuen@ucsd.edu
29,1/12/2026 10:28:15,Yes,Male,22,University of California San Diego,Computer Engineering ,Bachelor's Degree,Third year,No,No,5.0,5.0,3.0,3.0,3.0,3.0,3.0,3.0,3.0,4.0,3.0,"Lack of resources, Lack of confidence, No prior exposure, Not sure where to start","Hard to find guidance/mentors, Not sure where to start","Building hardware / mechanical design, Electronics / sensors, Embedded programming (Arduino, microcontrollers), Robot control (PID, motion), Computer vision / perception, Machine learning for robotics, Planning / navigation (mapping, path planning), Human-robot interaction, Product/design applications (healthcare, manufacturing, home), Robot simulation (Gazebo, PyBullet, etc.)","Curiosity about robotics, Interest in AI/autonomy, Hands-on experience, Career goals, Learning programming","Deeper understanding of simulations (PyBullet), Robotics programming, Mapping and perception, Understanding sensors","I am really interested in the field of robotics and enjoy doing hands on work. However, I don’t have much exposure and experience in this field, so I’d like to learn about the basics and get started on building my skills in this space. ",7.0,7.0,7.0,7.0,7.0,7.0,4.0,roadhikari@ucsd.edu
34,1/12/2026 10:48:00,Yes,Male,19,University of California San Diego,Computer science ,Bachelor's Degree,First year,No,No,3.0,4.0,5.0,4.0,5.0,2.0,2.0,2.0,3.0,2.0,3.0,"Lack of confidence, No prior exposure, Not sure where to start","Cost of parts/tools, Hard to find guidance/mentors, Not sure where to start","Embedded programming (Arduino, microcontrollers), Robot control (PID, motion), Computer vision / perception, Machine learning for robotics, Planning / navigation (mapping, path planning)","Curiosity about robotics, Interest in AI/autonomy, Hands-on experience, Learning programming","Robotics programming, Mapping and perception, Understanding sensors",It is my area of interest ,5.0,4.0,5.0,5.0,3.0,4.0,3.0,agonzalezlopez@ucsd.edu
41,1/12/2026 11:14:33,Yes,Male,18,University of California San Diego,Computer Engineering,Some college,Second year,Yes,No,7.0,6.0,6.0,5.0,3.0,1.0,1.0,2.0,5.0,6.0,4.0,Not sure where to start,"Cost of parts/tools, Hard to find guidance/mentors, Not sure where to start","Building hardware / mechanical design, Electronics / sensors, Embedded programming (Arduino, microcontrollers), Robot control (PID, motion), Computer vision / perception, Machine learning for robotics","Curiosity about robotics, Interest in AI/autonomy, Hands-on experience, Career goals","Robotics programming, Mapping and perception, Understanding sensors","I am interested in learning more about robotics, as well as the Existential Robotics Lab and their work.",7.0,7.0,7.0,6.0,5.0,7.0,4.0,svalliappan@ucsd.edu
48,1/12/2026 12:04:54,Yes,Male,18,University of California San Diego,Computer Science,Some college,First year,No,No,7.0,7.0,3.0,3.0,3.0,3.0,3.0,3.0,6.0,1.0,2.0,No prior exposure,"Hard to find guidance/mentors, Not sure where to start, I don’t feel like I belong in this space","Embedded programming (Arduino, microcontrollers), Robot control (PID, motion), Computer vision / perception, Machine learning for robotics, Planning / navigation (mapping, path planning), Robot simulation (Gazebo, PyBullet, etc.)","Interest in AI/autonomy, Career goals","Deeper understanding of simulations (PyBullet), Mapping and perception, Understanding sensors","Part of Triton Droids, these workshops were mentioned as helpful",7.0,7.0,7.0,7.0,7.0,7.0,5.0,ogershony@ucsd.edu
52,1/12/2026 12:22:44,Yes,Male,22,University of California San Diego,Computer Science,Bachelor's Degree,Third year,No,No,5.0,3.0,6.0,5.0,4.0,2.0,1.0,1.0,2.0,1.0,2.0,"Lack of resources, Lack of confidence","Not enough time, Not enough background, Hard to find guidance/mentors","Embedded programming (Arduino, microcontrollers), Robot control (PID, motion), Computer vision / perception, Machine learning for robotics, Planning / navigation (mapping, path planning), Robot simulation (Gazebo, PyBullet, etc.)","Curiosity about robotics, Hands-on experience, Career goals","Deeper understanding of simulations (PyBullet), Robotics programming, Mapping and perception, Understanding sensors","I always had a deep interest in the field of robotics, but I never knew where to start and have a proper structure to learn about it",7.0,7.0,7.0,7.0,7.0,7.0,4.0,jaw073@ucsd.edu
63,1/12/2026 15:01:49,Yes,Male,18,University of California San Diego,Computer Engineering,High school,First year,Yes,No,5.0,4.0,4.0,4.0,3.0,4.0,2.0,3.0,4.0,3.0,1.0,Lack of confidence,"Cost of parts/tools, Hard to find guidance/mentors","Electronics / sensors, Embedded programming (Arduino, microcontrollers), Robot control (PID, motion), Computer vision / perception, Machine learning for robotics, Planning / navigation (mapping, path planning), Human-robot interaction, Robot simulation (Gazebo, PyBullet, etc.)","Curiosity about robotics, Interest in AI/autonomy, Hands-on experience, Career goals, Learning programming","Deeper understanding of simulations (PyBullet), Mapping and perception, Understanding sensors","I believe this workshop will give me great insight and critical background knowledge into the world of robotics, which can be hugely helpful in the future.",7.0,7.0,7.0,7.0,7.0,7.0,2.0,ark009@ucsd.edu
66,1/12/2026 15:07:35,Yes,Male,19,University of California San Diego,Computer engineering ,Bachelor's Degree,Second year,Yes,Yes,5.0,6.0,5.0,6.0,4.0,1.0,1.0,1.0,4.0,2.0,1.0,Nothing in particular,"Hard to find guidance/mentors, Not sure where to start","Electronics / sensors, Robot control (PID, motion), Computer vision / perception, Machine learning for robotics, Human-robot interaction","Curiosity about robotics, Interest in AI/autonomy, Career goals","Deeper understanding of simulations (PyBullet), Robotics programming, Mapping and perception",Sounds like an awesome opportunity to expose myself to this field,6.0,6.0,6.0,5.0,6.0,7.0,3.0,skorada@ucsd.edu
70,1/12/2026 15:11:14,Yes,Male,21,University of California San Diego,Computer Science and Engineering,Some college,Third year,Yes,No,4.0,3.0,5.0,4.0,5.0,2.0,1.0,1.0,3.0,3.0,2.0,"Lack of confidence, Not sure where to start","Hard to find guidance/mentors, Not sure where to start","Embedded programming (Arduino, microcontrollers), Computer vision / perception, Machine learning for robotics, Planning / navigation (mapping, path planning), Human-robot interaction","Curiosity about robotics, Interest in AI/autonomy, Hands-on experience, Career goals, Learning programming","Deeper understanding of simulations (PyBullet), Robotics programming, Mapping and perception, Understanding sensors",Curiosity and career interest,7.0,7.0,7.0,6.0,6.0,6.0,3.0,atg008@ucsd.edu
71,1/12/2026 15:11:26,Yes,Male,20,University of California San Diego,Mathematics (Applied),Bachelor's Degree,First year,No,No,6.0,4.0,3.0,6.0,6.0,1.0,1.0,1.0,4.0,6.0,1.0,Nothing in particular,Hard to find guidance/mentors,"Robot control (PID, motion), Computer vision / perception, Machine learning for robotics, Planning / navigation (mapping, path planning)","Curiosity about robotics, Interest in AI/autonomy","Deeper understanding of simulations (PyBullet), Mapping and perception","I wish to gain some insight into the work done by the ERL, to gauge whether the research done by the ERL is something I wish to contribute toward.",6.0,7.0,7.0,7.0,7.0,6.0,3.0,hnatarajan@ucsd.edu
77,1/12/2026 15:21:53,Yes,Female,19,University of California San Diego,Computer engineering ,High school,Second year,Yes,No,5.0,5.0,5.0,5.0,5.0,3.0,3.0,3.0,4.0,5.0,6.0,"Lack of confidence, No prior exposure","Not enough time, Hard to find guidance/mentors","Computer vision / perception, Machine learning for robotics, Planning / navigation (mapping, path planning), Product/design applications (healthcare, manufacturing, home)",Hands-on experience,Mapping and perception,To learn more about mapping specifically,5.0,6.0,6.0,6.0,6.0,6.0,5.0,soy008@ucsd.edu
78,1/12/2026 15:26:32,Yes,Male,25 or older,University of California San Diego,Electrical Engineering ,Some college,Third year,No,No,2.0,2.0,2.0,3.0,3.0,2.0,1.0,,2.0,2.0,,No prior exposure,"Hard to find guidance/mentors, Not sure where to start","Building hardware / mechanical design, Electronics / sensors, Robot control (PID, motion), Computer vision / perception, Planning / navigation (mapping, path planning), Human-robot interaction","Curiosity about robotics, Hands-on experience","Deeper understanding of simulations (PyBullet), Robotics programming, Mapping and perception, Understanding sensors",Career interest ,5.0,3.0,5.0,4.0,5.0,4.0,,jalvine@ucsd.edu
92,1/12/2026 16:16:17,Yes,Male,20,University of California San Diego,Electrical engineering - ML & Controls Depth,Some college,Third year,No,No,4.0,1.0,5.0,5.0,5.0,2.0,1.0,1.0,5.0,1.0,1.0,"No prior exposure, Not sure where to start","Not enough background, Hard to find guidance/mentors, Not sure where to start","Electronics / sensors, Machine learning for robotics, Product/design applications (healthcare, manufacturing, home)","Curiosity about robotics, Interest in AI/autonomy, Career goals","Deeper understanding of simulations (PyBullet), Robotics programming, Mapping and perception, Understanding sensors",I want to learn more about robotics,6.0,7.0,7.0,7.0,7.0,7.0,1.0,p1aung@ucsd.edu
96,1/12/2026 17:28:26,Yes,Male,21,University of California San Diego,Computer Engineering (ECE),Some college,Third year,No,No,6.0,3.0,1.0,1.0,1.0,3.0,3.0,3.0,1.0,1.0,1.0,"Lack of confidence, Not sure where to start",Not sure where to start,"Embedded programming (Arduino, microcontrollers), Computer vision / perception, Machine learning for robotics","Curiosity about robotics, Hands-on experience","Robotics programming, Understanding sensors",I have always been interested in robotics but I have never known how to start and felt overwhelmed in starting. Hoping this will be a nice way for me to get into it and start to understand.,6.0,4.0,5.0,7.0,7.0,5.0,1.0,dstennet@ucsd.edu
102,1/12/2026 18:23:29,Yes,Male,23,University of California San Diego,CE,Bachelor's Degree,Fourth year,No,No,3.0,5.0,1.0,1.0,1.0,1.0,1.0,1.0,1.0,5.0,1.0,"Lack of confidence, No prior exposure, Not sure where to start","Not enough time, Cost of parts/tools, Not sure where to start","Embedded programming (Arduino, microcontrollers), Robot control (PID, motion), Computer vision / perception, Machine learning for robotics","Curiosity about robotics, Interest in AI/autonomy, Hands-on experience","Robotics programming, Understanding sensors",Interest in Robotics,5.0,5.0,7.0,5.0,5.0,7.0,2.0,aenavarrete@ucsd.edu
103,1/12/2026 18:40:34,Yes,Male,18,University of California San Diego,Computer Science,Some college,First year,No,No,4.0,3.0,5.0,6.0,4.0,3.0,1.0,1.0,4.0,1.0,2.0,I have participated in VEX Robotics competitions in high school.,"Not enough time, Cost of parts/tools, Hard to find guidance/mentors, Not sure where to start","Building hardware / mechanical design, Electronics / sensors, Embedded programming (Arduino, microcontrollers), Robot control (PID, motion), Computer vision / perception, Machine learning for robotics, Planning / navigation (mapping, path planning), Human-robot interaction, Product/design applications (healthcare, manufacturing, home), Robot simulation (Gazebo, PyBullet, etc.)","Curiosity about robotics, Interest in AI/autonomy, Learning programming","Deeper understanding of simulations (PyBullet), Robotics programming, Mapping and perception, Understanding sensors",Interest in a freely available opportunity to have more exposure to robotics concepts and applications.,7.0,7.0,5.0,5.0,5.0,7.0,1.0,arafal@ucsd.edu
105,1/12/2026 19:14:24,Yes,Male,20,University of California San Diego,Computer Engineering,Bachelor's Degree,Third year,Yes,No,5.0,6.0,2.0,3.0,5.0,3.0,1.0,1.0,1.0,4.0,1.0,Not sure where to start,Not enough background,"Computer vision / perception, Machine learning for robotics, Planning / navigation (mapping, path planning), Human-robot interaction, Product/design applications (healthcare, manufacturing, home)","Curiosity about robotics, Interest in AI/autonomy",Deeper understanding of simulations (PyBullet),I wanted to learn more about feature mapping.,6.0,6.0,6.0,6.0,6.0,6.0,2.0,mil118@ucsd.edu
106,1/12/2026 19:25:38,Yes,Male,18,University of California San Diego,Mathematics - Computer Science ,Some college,First year,No,No,5.0,5.0,3.0,4.0,3.0,1.0,1.0,1.0,1.0,1.0,1.0,"No prior exposure, Not sure where to start, Nothing in particular","Not enough time, Not enough background, Not sure where to start","Building hardware / mechanical design, Electronics / sensors, Embedded programming (Arduino, microcontrollers), Robot control (PID, motion), Computer vision / perception, Machine learning for robotics, Planning / navigation (mapping, path planning), Human-robot interaction, Robot simulation (Gazebo, PyBullet, etc.)","Curiosity about robotics, Interest in AI/autonomy, Hands-on experience, Career goals","Deeper understanding of simulations (PyBullet), Robotics programming, Mapping and perception, Understanding sensors",Was very curious and I wanted an opportunity to try Robotics ,7.0,7.0,6.0,6.0,4.0,6.0,4.0,d2gao@ucsd.edu
107,1/12/2026 19:29:46,Yes,Male,20,University of California San Diego,Computer Engineering,Some college,Third year,No,No,6.0,4.0,5.0,3.0,3.0,1.0,1.0,3.0,5.0,5.0,6.0,"Lack of resources, No prior exposure","Cost of parts/tools, Hard to find guidance/mentors","Building hardware / mechanical design, Electronics / sensors, Embedded programming (Arduino, microcontrollers), Robot control (PID, motion), Computer vision / perception, Machine learning for robotics, Planning / navigation (mapping, path planning), Human-robot interaction","Curiosity about robotics, Interest in AI/autonomy, Hands-on experience, Career goals, Learning programming","Deeper understanding of simulations (PyBullet), Robotics programming, Mapping and perception, Understanding sensors",I was looking for a research lab to join and I found this research incredibly interesting and found that it would be something I would want to learn more about. ,7.0,7.0,7.0,7.0,7.0,7.0,1.0,erahman@ucsd.edu
122,1/13/2026 13:02:47,Yes,Male,20,University of California San Diego,Mechanical Engineering ,Some college,Second year,Prefer not to say,No,2.0,1.0,4.0,5.0,5.0,2.0,1.0,1.0,4.0,2.0,2.0,"Lack of resources, No prior exposure, Not sure where to start","Not enough background, Hard to find guidance/mentors","Building hardware / mechanical design, Electronics / sensors, Embedded programming (Arduino, microcontrollers), Robot control (PID, motion), Computer vision / perception, Machine learning for robotics, Planning / navigation (mapping, path planning), Human-robot interaction, Product/design applications (healthcare, manufacturing, home), Robot simulation (Gazebo, PyBullet, etc.)","Curiosity about robotics, Interest in AI/autonomy, Hands-on experience, Career goals, Learning programming","Deeper understanding of simulations (PyBullet), Robotics programming, Mapping and perception, Understanding sensors", ,7.0,7.0,7.0,5.0,5.0,6.0,5.0,riren@ucsd.edu
135,1/14/2026 7:53:59,Yes,Male,22,University of California San Diego,ECE,Some college,Fourth year,Yes,No,2.0,3.0,7.0,6.0,5.0,1.0,1.0,1.0,3.0,1.0,1.0,Lack of resources,"Not enough time, Cost of parts/tools, Hard to find guidance/mentors","Electronics / sensors, Embedded programming (Arduino, microcontrollers), Computer vision / perception, Human-robot interaction, Robot simulation (Gazebo, PyBullet, etc.)","Curiosity about robotics, Hands-on experience","Deeper understanding of simulations (PyBullet), Mapping and perception",I like robotics,7.0,4.0,7.0,5.0,3.0,7.0,4.0,gharesco@ucsd.edu
138,1/14/2026 8:15:17,Yes,Female,22,University of California San Diego,Mechanical engineering,Bachelor's Degree,1st year grad student,Yes,No,4.0,4.0,4.0,5.0,4.0,2.0,1.0,2.0,4.0,2.0,4.0,"Not sure where to start, Nothing in particular",Nothing in particular,"Building hardware / mechanical design, Electronics / sensors, Embedded programming (Arduino, microcontrollers), Product/design applications (healthcare, manufacturing, home)","Curiosity about robotics, Career goals","Deeper understanding of simulations (PyBullet), Robotics programming, Mapping and perception, Understanding sensors",I want more experience with robotics and I struggled to start meaningfully. ,7.0,6.0,7.0,7.0,6.0,7.0,5.0,ttl030@ucsd.edu
146,1/14/2026 11:29:32,Yes,Male,19,University of California San Diego,Data Science,Bachelor's Degree,Second year,No,No,5.0,6.0,5.0,4.0,3.0,2.0,2.0,2.0,4.0,2.0,2.0,"Lack of resources, No prior exposure","Not enough time, Hard to find guidance/mentors, Not sure where to start","Embedded programming (Arduino, microcontrollers), Robot control (PID, motion), Computer vision / perception, Machine learning for robotics, Human-robot interaction, Product/design applications (healthcare, manufacturing, home), Robot simulation (Gazebo, PyBullet, etc.)","Curiosity about robotics, Interest in AI/autonomy, Hands-on experience, Career goals, Learning programming","Deeper understanding of simulations (PyBullet), Robotics programming, Mapping and perception, Understanding sensors",Curiosity,6.0,6.0,6.0,6.0,6.0,5.0,2.0,pjlittle@ucsd.edu
148,1/14/2026 12:14:30,Yes,Male,18,University of California San Diego,Artificial Intelligence ,Some college,First year,No,No,3.0,5.0,6.0,4.0,3.0,3.0,3.0,3.0,4.0,3.0,3.0,"Lack of resources, Lack of confidence, No prior exposure, Not sure where to start","Not enough time, Cost of parts/tools","Building hardware / mechanical design, Electronics / sensors, Robot control (PID, motion), Computer vision / perception, Machine learning for robotics, Robot simulation (Gazebo, PyBullet, etc.)","Curiosity about robotics, Interest in AI/autonomy, Hands-on experience","Deeper understanding of simulations (PyBullet), Robotics programming, Mapping and perception, Understanding sensors",The desire to really learn more about how the AI field is being combined with the world of robotics.,7.0,7.0,7.0,6.0,5.0,5.0,4.0,clm016@ucsd.edu
160,1/15/2026 7:12:02,Yes,Male,18,University of California San Diego,Electrical Engineering,Some college,First year,No,No,6.0,1.0,5.0,4.0,2.0,2.0,2.0,2.0,4.0,1.0,1.0,"No prior exposure, Not sure where to start","Cost of parts/tools, Hard to find guidance/mentors","Electronics / sensors, Embedded programming (Arduino, microcontrollers), Robot control (PID, motion), Computer vision / perception, Machine learning for robotics, Planning / navigation (mapping, path planning), Human-robot interaction",Curiosity about robotics,"Deeper understanding of simulations (PyBullet), Robotics programming, Mapping and perception, Understanding sensors",I want to do some robotics projects in the future and this seems like a great way to build a baseline that I can build off of for those projects.,7.0,5.0,7.0,4.0,4.0,6.0,4.0,jawerner@ucsd.edu
176,1/18/2026 15:11:24,Yes,Male,19,University of California San Diego,Mechanical Engineering ,Some college,Second year,Prefer not to say,No,6.0,1.0,2.0,2.0,1.0,1.0,1.0,1.0,1.0,1.0,2.0,"No prior exposure, Not sure where to start","Cost of parts/tools, Hard to find guidance/mentors, Not sure where to start","Building hardware / mechanical design, Robot control (PID, motion), Machine learning for robotics, Planning / navigation (mapping, path planning), Human-robot interaction, Robot simulation (Gazebo, PyBullet, etc.)","Curiosity about robotics, Hands-on experience, Career goals","Deeper understanding of simulations (PyBullet), Robotics programming, Mapping and perception, Understanding sensors",I want to lean more about robotics since my major is in robotics and controls for ME. I though this would be a good starting point.,7.0,6.0,7.0,7.0,6.0,7.0,7.0,dperezolguin@ucsd.edu
