Timestamp,I hereby consent to participate in this study and for the Existential Robotics Laboratory to collect and use data as agreed upon by me and outlined above.,What part of the workshop was most challenging? ,What did you like most about the workshop?,I had control over my personal learning during the workshop?,What would you improve?,May we contact you in 3–6 months for a short follow-up survey?,Email address (for follow-up),I am comfortable writing code in Python.,"I am familiar with interactive computing tools (Jupyter Notebook, Google Colab, etc.).",I am familiar with how sensors are used in robotics.,I am familiar with how sensors are used in robotics,"I am familiar with concepts like LiDAR, mapping, or sensor noise.",I am confident in transforming LiDAR scan data between coordinate frames.,I am confident in implementing or modifying Bresenham’s line algorithm.,I am familiar with occupancy grid mapping (OGM). I am confident in updating an occupancy grid map using sensor data.,I understand how simulation tools are used in robotics,I understand the concept of Bayesian estimation.,I understand the relationship between robot pose uncertainty and map uncertainty.,I have used the following simulators,What has prevented you from engaging in robotics before? (Select all that apply),What might make it hard for you to continue exploring robotics? (Select all that apply),Which parts of robotics interest you? (Select all that apply),What interests you about learning robotics? (Select all that apply),What did you learn from this workshop? (Select all that apply),"Besides the concepts above, what did you get out of this workshop?",I feel more confident in my ability to use simulation tools like PyBullet.,I understand how LiDAR data can be used for mapping and localization.,I can explain the concept of sensor noise and its effect on robot perception.,I understand the purpose of the Bresenham algorithm in mapping.,I could use Python to modify and run robotics simulations independently.,I feel confident discussing robotics concepts with my peers.,This workshop increased my interest in robotics.,I would like to take a course or join a project related to robotics.,This workshop increased my interest in pursuing research in robotics or related fields.,"After this workshop, I am more likely to pursue a STEM-related career.",The hands-on coding activities helped me understand the theory.,The balance between theory and practice was appropriate.,The Python notebooks were helpful and of appropriate difficulty.,Thank you for participating in the workshop! How would you rate your experience?,Email Address,Did you fill out the pre-attendance survey?,I had control over my personal learning during the workshop.,Column 43,I am interested in learning more about robotics.,I am interested in artificial intelligence (AI).,I would consider taking a robotics-related class.,I believe that engaging in this workshop can help my career.,I feel confident in learning simultaneous localization and mapping (SLAM).,I believe that robotics knowledge is inaccessible.,I believe I can engage in robotics because of this workshop.,How much I learned in this workshop is proportional to how much effort I put in.,This workshop made me more interested in robotics.,This workshop made me understand how robotics is used to solve real problems.,"I believe the website, Robot Proving Grounds, is a valuable resource for robotics education.",I believe the mapping module in the website is complete and comprehensive.,  The instructional methods used in this workshop were engaging.   ,The instructors hosting the workshop were willing to assist me.,The workshop was well organized and made it easier to learn.,I intend to explore the website outside of the workshop.,How far did you make it into the workshop?,The concepts presented in the workshop are difficult to understand.,I believe this workshop has made me more interested in robotics.,This workshop has made me more interested,Column 63,Column 62,Column 61,Column 59,Column 56,Column 55,I feel confident I could learn the basics of simultaneous localization and mapping (SLAM),Column 41
1/21/2026 18:45:50,Yes,Implementing the concepts in Python,Code implementation,,I feel that the coding exercises could be simplified to speed them up to fit within the timeframe. Maybe making sort of 'shell code' where the outline is given to the students to fill in?,Yes,jawerner@ucsd.edu,6,3,5,,3,4,5,3,6,2,5,,Not sure where to start,Cost of parts/tools,"Building hardware / mechanical design, Electronics / sensors, Robot control (PID, motion)",Curiosity about robotics,"Deeper understanding of simulations (PyBullet), Robotics programming, Mapping and perception, Understanding sensors","I wasn't really sure where to start in terms of robotics, but this is a good frame to 'dip my toes in the water' so that I can explore deeper in robotics myself.",6,6,7,7,4,4,6,7,7,7,7,5,4,4,jawerner@ucsd.edu,Yes,5,,7,5,7,7,5,2,6,5,5,7,7,7,5,7,7,7,OGM Coding Challenge (Notebook 3),4,7,,,,,,,,,
1/21/2026 18:50:46,Yes,Bressenham's line algorithm,Code implementation,,more mathematical notation,Yes,agonzalezlopez@ucsd.edu,3,5,5,,5,3,3,3,5,4,4,,"Lack of confidence, No prior exposure, Not sure where to start","Not enough time, Cost of parts/tools, Hard to find guidance/mentors, Not sure where to start","Robot control (PID, motion), Computer vision / perception, Machine learning for robotics, Planning / navigation (mapping, path planning)","Curiosity about robotics, Interest in AI/autonomy, Learning programming","Robotics programming, Mapping and perception, Understanding sensors",understanding how complex LiDARs are,4,5,4,5,3,4,5,5,5,6,4,4,5,4,agonzalezlopez@ucsd.edu,Yes,5,,5,5,6,5,3,4,4,5,5,5,6,4,5,5,3,5,Playing around with PyBullet simulation,5,5,,,,,,,,,
1/21/2026 18:52:21,Yes,Coordinate frames and transformations,Available people to answer questions,,More info on alternate probability models,No,N/A,3,3,5,,6,4,4,4,5,4,5,,"No prior exposure, Not sure where to start","Not enough background, Cost of parts/tools, Hard to find guidance/mentors","Building hardware / mechanical design, Electronics / sensors, Robot control (PID, motion), Computer vision / perception, Machine learning for robotics, Planning / navigation (mapping, path planning), Human-robot interaction","Hands-on experience, Career goals, Learning programming","Robotics programming, Mapping and perception",Reference material recommendations ,2,5,5,4,4,3,5,6,5,5,3,5,5,5,jalvine@ucsd.edu,Yes,5,,7,6,7,4,4,2,6,5,6,4,5,5,5,7,5,7,Playing around with PyBullet simulation,4,5,,,,,,,,,
1/21/2026 19:03:47,Yes,Implementing the concepts in Python,I think a combination of hands on coding with the simulation was super fun,,If we could spend a bit more time going into theory and implementing it ,Yes,skorada@ucsd.edu,6,5,5,,4,2,3,2,6,1,3,,Nothing in particular,"Not enough background, Cost of parts/tools","Building hardware / mechanical design, Robot control (PID, motion), Computer vision / perception, Machine learning for robotics","Curiosity about robotics, Interest in AI/autonomy, Career goals, Learning programming","Deeper understanding of simulations (PyBullet), Robotics programming, Mapping and perception",I had a fun experience while it was super interactive ,5,6,4,5,5,5,7,7,7,7,5,6,5,5,skorada@ucsd.edu,Yes,6,,7,6,7,6,5,2,6,6,7,5,6,5,7,7,7,7,OGM Coding Challenge (Notebook 3),7,6,,,,,,,,,
1/21/2026 19:04:50,Yes,Lidar observation model,Code implementation,,I think there was a good mix of everything ,Yes,p1aung@ucsd.edu,4,4,7,,7,5,5,5,5,7,7,,No prior exposure,Hard to find guidance/mentors,"Building hardware / mechanical design, Electronics / sensors, Embedded programming (Arduino, microcontrollers), Robot control (PID, motion), Machine learning for robotics, Human-robot interaction, Product/design applications (healthcare, manufacturing, home)","Curiosity about robotics, Interest in AI/autonomy, Hands-on experience, Career goals, Learning programming","Robotics programming, Mapping and perception, Understanding sensors",Implementing code into python,1,4,4,4,4,4,7,4,4,7,4,4,4,5,p1aung@ucsd.edu,Yes,7,,7,7,7,7,7,3,7,7,7,7,7,7,7,7,6,7,OGM Coding Challenge (Notebook 3),2,7,,,,,,,,,
1/21/2026 19:04:57,No,Implementing the concepts in Python,Simulation,,Pacing,No,N/A,4,3,5,,4,2,2,3,3,2,2,,Not sure where to start,"Cost of parts/tools, Hard to find guidance/mentors","Building hardware / mechanical design, Electronics / sensors, Embedded programming (Arduino, microcontrollers), Robot simulation (Gazebo, PyBullet, etc.)","Curiosity about robotics, Hands-on experience",Understanding sensors,I learnt something new,3,6,4,5,3,4,6,7,7,7,3,3,2,4,hsomaiya@ucsd.edu,Not applicable,4,,7,4,7,5,4,2,6,4,7,4,6,6,4,4,4,6,Playing around with PyBullet simulation,4,6,,,,,,,,,
1/21/2026 19:05:07,Yes,Coordinate frames and transformations,Hands-on experience,,Making the simulation somehow work on mac.,Yes,ark009@ucsd.edu,7,7,7,,7,7,7,7,7,7,7,,Not sure where to start,Cost of parts/tools,"Building hardware / mechanical design, Electronics / sensors, Embedded programming (Arduino, microcontrollers), Robot control (PID, motion), Computer vision / perception, Machine learning for robotics, Planning / navigation (mapping, path planning), Human-robot interaction, Product/design applications (healthcare, manufacturing, home), Robot simulation (Gazebo, PyBullet, etc.)","Interest in AI/autonomy, Hands-on experience, Career goals, Learning programming","Deeper understanding of simulations (PyBullet), Robotics programming, Mapping and perception",Specific knowledge into the lab,7,7,7,6,5,6,6,7,7,5,7,6,7,5,ark009@ucsd.edu,Yes,5,,6,6,6,7,7,3,6,6,7,7,6,6,7,7,7,6,Playing around with PyBullet simulation,3,6,,,,,,,,,
1/21/2026 19:05:11,Yes,Bressenham's line algorithm,Presentation,,N/A,Yes,khbanks@ucsd.edu,2,4,5,,3,3,2,3,5,1,4,,Not sure where to start,"Not enough time, Not sure where to start","Building hardware / mechanical design, Electronics / sensors, Embedded programming (Arduino, microcontrollers), Machine learning for robotics, Planning / navigation (mapping, path planning), Human-robot interaction, Product/design applications (healthcare, manufacturing, home)","Curiosity about robotics, Interest in AI/autonomy","Deeper understanding of simulations (PyBullet), Robotics programming, Mapping and perception, Understanding sensors",Interest in Lidar,3,5,5,5,5,5,6,5,6,4,4,3,3,5,khbanks@gmail.com,No,6,,5,5,6,5,4,2,6,5,7,6,5,5,6,7,6,5,OGM Coding Challenge (Notebook 3),4,6,,,,,,,,,
1/21/2026 19:05:45,Yes,Coordinate frames and transformations,Hands-on experience,,less slide clutter,Yes,hnatarajan@ucsd.edu,5,5,6,,7,4,6,5,6,7,5,,Not sure where to start,Hard to find guidance/mentors,"Robot control (PID, motion), Computer vision / perception, Machine learning for robotics","Curiosity about robotics, Interest in AI/autonomy, Hands-on experience",Mapping and perception,An increased curiosity about robotics. I wish to spend more time exploring the website to learn more.,3,6,5,7,4,6,7,7,7,7,7,7,7,4,hnatarajan@ucsd.edu,Yes,6,,7,7,7,7,5,3,7,7,7,7,7,7,7,5,7,7,OGM Coding Challenge (Notebook 3),7,7,,,,,,,,,
1/21/2026 19:06:37,Yes,Coordinate frames and transformations,Hands-on experience,,"I was not able to complete most of the code on my own, but that was due to my own inexperience. Overall the slides were great and the concepts were engaging. I would only say that maybe the venue could be better; if we’re coding, I would prefer to have a table to put my laptop on versus just in my chair.",Yes,arafal@ucsd.edu,5,3,5,,5,4,5,3,6,4,6,,"Lack of resources, Not sure where to start","Not enough time, Cost of parts/tools","Building hardware / mechanical design, Electronics / sensors, Embedded programming (Arduino, microcontrollers), Computer vision / perception, Machine learning for robotics, Planning / navigation (mapping, path planning), Human-robot interaction, Robot simulation (Gazebo, PyBullet, etc.)","Curiosity about robotics, Interest in AI/autonomy, Hands-on experience, Career goals, Learning programming","Deeper understanding of simulations (PyBullet), Robotics programming, Mapping and perception, Understanding sensors",I was able to explore more about the math and methods of transforming sensor data into understandable information about robot position and surroundings.,3,5,5,7,4,7,7,5,7,7,5,5,6,5,arafal@ucsd.edu,Yes,5,,7,7,6,5,5,2,5,5,7,6,7,5,7,5,4,7,Playing around with PyBullet simulation,5,6,,,,,,,,,
1/21/2026 19:06:54,Yes,Bressenham's line algorithm,Code implementation,,"More coding challenges, I would also like to learn about the other topics mentioned but not covered (like localization).",Yes,svalliappan@ucsd.edu,6,6,5,,6,6,5,6,5,6,6,,Not sure where to start,"Cost of parts/tools, Hard to find guidance/mentors","Building hardware / mechanical design, Electronics / sensors, Embedded programming (Arduino, microcontrollers), Robot control (PID, motion), Computer vision / perception, Machine learning for robotics, Planning / navigation (mapping, path planning)","Curiosity about robotics, Interest in AI/autonomy, Hands-on experience, Career goals","Robotics programming, Mapping and perception, Understanding sensors",I learned more about how mapping works overall,4,6,6,6,5,6,7,7,6,5,6,6,6,5,svalliappan@ucsd.edu,Yes,7,,7,7,7,6,6,3,6,6,7,4,6,5,7,6,6,7,OGM Coding Challenge (Notebook 3),2,6,,,,,,,,,
1/21/2026 19:07:05,Yes,Bressenham's line algorithm,Code implementation,,More in depth,Yes,ogershony@ucsd.edu,7,7,7,,7,7,7,7,7,7,7,,"Nothing in particular, ",Not sure where to start,Machine learning for robotics,Hands-on experience,Deeper understanding of simulations (PyBullet),Lots,2,7,7,7,7,7,7,7,7,7,7,7,7,5,ogershony@ucsd.edu,Yes,7,,7,7,7,7,7,7,7,7,7,7,7,7,7,7,7,7,Playing around with PyBullet simulation,7,7,,,,,,,,,
1/21/2026 19:07:35,Yes,Bressenham's line algorithm,Hands-on experience,,A deeper explanation of the actual code we are doing so we understand exactly what is wanted.,Yes,Jsteverson@ucsd.edu,4,4,3,,2,1,1,1,2,2,2,,"Lack of confidence, No prior exposure, Not sure where to start","Not enough background, Cost of parts/tools, Hard to find guidance/mentors, Not sure where to start","Building hardware / mechanical design, Electronics / sensors, Embedded programming (Arduino, microcontrollers), Robot control (PID, motion), Computer vision / perception, Planning / navigation (mapping, path planning), Human-robot interaction","Curiosity about robotics, Interest in AI/autonomy, Hands-on experience, Career goals","Deeper understanding of simulations (PyBullet), Mapping and perception",I understand more about how robotics works and is implemented ,1,3,2,3,2,1,7,7,7,7,7,7,5,4,jsteverson@ucsd.edu,No,6,,7,7,7,7,5,3,7,4,7,5,5,5,6,7,5,7,OGM Coding Challenge (Notebook 3),4,7,,,,,,,,,
1/21/2026 19:07:50,No,Lidar observation model,Hands-on experience,,Maybe more hands on,Yes,No,1,2,4,,4,3,2,2,5,5,5,,Lack of resources,Cost of parts/tools,"Embedded programming (Arduino, microcontrollers)",Curiosity about robotics,Deeper understanding of simulations (PyBullet),Leaned code,4,2,3,4,4,4,3,4,4,4,4,4,4,4,jzkao@ucsd.edu,Not applicable,4,,7,4,6,1,2,1,4,4,4,4,5,6,5,7,7,1,Bresenham Coding Challenge (Notebook 1),7,3,,,,,,,,,
1/21/2026 19:08:07,Yes,Coordinate frames and transformations,Hands-on experience,,Slightly more background info on python ,Yes,J4miranda@ucsd.edu,1,1,3,,2,2,2,2,3,2,3,,"Lack of confidence, No prior exposure, Not sure where to start, ","Not enough time, Not enough background, Cost of parts/tools, Hard to find guidance/mentors, Not sure where to start, I don’t feel like I belong in this space","Building hardware / mechanical design, Electronics / sensors, Embedded programming (Arduino, microcontrollers), Robot control (PID, motion), Human-robot interaction, Robot simulation (Gazebo, PyBullet, etc.)","Curiosity about robotics, Interest in AI/autonomy, Hands-on experience, Career goals, Learning programming","Deeper understanding of simulations (PyBullet), Robotics programming, Mapping and perception, Understanding sensors",More motivation ,3,4,2,4,2,2,7,7,7,7,4,4,4,4,j4miranda@ucsd.edu,Yes,5,,7,7,7,7,4,3,3,5,7,7,5,7,7,7,7,7,Lidar & Frame Transformation Coding Challenge (Notebook 2),5,7,,,,,,,,,
1/21/2026 19:08:34,Yes,Bressenham's line algorithm,Hands-on experience,,More math notation and some more psuedocode,Yes,Gcyang@ucsd.edu,7,7,7,,7,7,7,7,7,7,7,,"No prior exposure, Not sure where to start","Not enough time, Not sure where to start","Building hardware / mechanical design, Electronics / sensors, Embedded programming (Arduino, microcontrollers), Robot control (PID, motion), Computer vision / perception, Machine learning for robotics, Planning / navigation (mapping, path planning)","Curiosity about robotics, Interest in AI/autonomy, Hands-on experience, Career goals","Robotics programming, Mapping and perception, Understanding sensors",not sure,4,7,7,7,7,7,7,7,7,7,7,7,7,5,gcyang@ucsd.edu,No,7,,7,7,7,7,7,1,7,7,7,7,7,7,7,7,7,7,OGM Coding Challenge (Notebook 3),5,7,,,,,,,,,
1/21/2026 19:08:41,Yes,Coordinate frames and transformations,Code implementation,,A little bit more on python code in terms of application ,Yes,gharesco@ucsd.edu,3,4,5,,5,2,3,2,5,5,5,,"Lack of resources, Not sure where to start","Not enough time, Cost of parts/tools, Hard to find guidance/mentors","Building hardware / mechanical design, Electronics / sensors, Embedded programming (Arduino, microcontrollers), Robot control (PID, motion), Computer vision / perception, Human-robot interaction, Robot simulation (Gazebo, PyBullet, etc.)","Curiosity about robotics, Hands-on experience, Career goals","Robotics programming, Mapping and perception, Understanding sensors",Mapping,4,6,6,4,4,5,5,6,5,4,4,2,3,5,gharesco@ucsd.edu,Yes,5,,5,5,5,4,4,4,4,2,6,5,6,5,5,7,7,5,Playing around with PyBullet simulation,5,5,,,,,,,,,
1/21/2026 19:08:51,No,Implementing the concepts in Python,Simulation,,"Working in structured groups, maybe assigned ",Yes,ttattala@ucsd.edu,3,7,7,,5,1,1,1,6,4,2,,"Lack of confidence, No prior exposure, Not sure where to start","Not enough time, Not enough background","Building hardware / mechanical design, Computer vision / perception, Planning / navigation (mapping, path planning), Human-robot interaction, Product/design applications (healthcare, manufacturing, home), Robot simulation (Gazebo, PyBullet, etc.)","Curiosity about robotics, Hands-on experience, Career goals, Learning programming",Deeper understanding of simulations (PyBullet),Confidence to start somewhere and keep learning even if I am unsure at first ,2,3,4,7,1,4,7,7,7,7,4,5,5,4,ttattala@ucsd.edu,Not applicable,4,,7,7,7,7,5,2,6,5,7,7,7,5,5,7,4,7,OGM Coding Challenge (Notebook 3),7,7,,,,,,,,,
1/21/2026 19:09:00,Yes,Bressenham's line algorithm,Hands-on experience,,Better presentation pace,Yes,riren@ucsd.edu,2,3,6,,6,4,5,6,6,3,4,,"Lack of resources, No prior exposure, Not sure where to start, Nothing in particular","Not enough background, Cost of parts/tools, Hard to find guidance/mentors, Not sure where to start","Building hardware / mechanical design, Electronics / sensors, Embedded programming (Arduino, microcontrollers), Robot control (PID, motion), Computer vision / perception, Machine learning for robotics, Planning / navigation (mapping, path planning), Human-robot interaction, Product/design applications (healthcare, manufacturing, home), Robot simulation (Gazebo, PyBullet, etc.)","Curiosity about robotics, Interest in AI/autonomy, Hands-on experience, Career goals, Learning programming",Robotics programming,A reminder to start grinding my programming skills,3,4,4,4,4,4,6,4,4,6,4,4,4,3,riren@ucsd.edu,Yes,2,,7,6,6,6,6,6,5,5,4,4,5,5,4,6,3,6,OGM Coding Challenge (Notebook 3),4,6,,,,,,,,,
1/21/2026 19:09:54,Yes,Bressenham's line algorithm,Code implementation,,Slides too quick,Yes,jaw073@ucsd.edu,2,1,3,,3,2,1,3,4,2,2,,"Lack of resources, Lack of confidence, No prior exposure, Not sure where to start","Not enough time, Not enough background, Hard to find guidance/mentors, Not sure where to start","Embedded programming (Arduino, microcontrollers), Robot control (PID, motion), Planning / navigation (mapping, path planning), Robot simulation (Gazebo, PyBullet, etc.)","Curiosity about robotics, Interest in AI/autonomy, Career goals, Learning programming","Robotics programming, Mapping and perception, Understanding sensors",Robotics is math heavy,1,7,5,5,3,4,7,7,7,7,6,2,7,4,jaw073@ucsd.edu,Yes,5,,7,7,7,7,7,3,6,5,5,3,7,5,3,7,5,7,Playing around with PyBullet simulation,6,7,,,,,,,,,
1/21/2026 19:10:05,Yes,Implementing the concepts in Python,Presentation,,Only thing that could be improved would be clarity in notebook. I wasn’t familiar with some  numpy concepts so it made implementation tough. ,Yes,yuval.fang@gmail.com,5,6,5,,5,5,6,5,6,4,6,,"Lack of confidence, No prior exposure, Not sure where to start","Not enough background, Cost of parts/tools, Hard to find guidance/mentors, Not sure where to start","Building hardware / mechanical design, Electronics / sensors, Embedded programming (Arduino, microcontrollers), Robot control (PID, motion), Computer vision / perception, Machine learning for robotics, Planning / navigation (mapping, path planning), Robot simulation (Gazebo, PyBullet, etc.)","Curiosity about robotics, Interest in AI/autonomy, Hands-on experience, Career goals, Learning programming","Deeper understanding of simulations (PyBullet), Robotics programming, Mapping and perception, Understanding sensors","Exposure to peers and others interested, real implementation of algorithms",5,6,6,7,5,5,6,7,6,5,6,7,7,5,yuval.fang@gmail.com,Yes,6,,7,7,7,3,5,5,6,7,7,5,7,6,6,7,7,5,Lidar & Frame Transformation Coding Challenge (Notebook 2),5,6,,,,,,,,,
1/21/2026 19:10:21,Yes,Implementing the concepts in Python,Hands-on experience,,More implementation ,No,N/A,3,7,4,,3,2,4,3,5,7,7,,"Lack of resources, Lack of confidence, No prior exposure","Not enough time, Not enough background, Hard to find guidance/mentors","Building hardware / mechanical design, Electronics / sensors, Embedded programming (Arduino, microcontrollers), Computer vision / perception, Machine learning for robotics","Curiosity about robotics, Interest in AI/autonomy, Hands-on experience",Deeper understanding of simulations (PyBullet),The importance of py implementation ,3,5,6,7,7,4,7,7,7,7,7,7,5,4,aenavarrete@ucsd.edu,Yes,4,,7,7,7,7,7,4,5,5,7,6,7,5,5,6,4,7,Lidar & Frame Transformation Coding Challenge (Notebook 2),4,7,,,,,,,,,
1/21/2026 19:10:30,Yes,Bressenham's line algorithm,Hands-on experience,,Can explain code segments a little better,Yes,atg008@ucsd.edu,4,5,4,,4,3,3,3,4,4,3,,"Lack of resources, Lack of confidence, No prior exposure, Not sure where to start","Not enough time, Hard to find guidance/mentors, Not sure where to start","Embedded programming (Arduino, microcontrollers), Computer vision / perception, Machine learning for robotics, Planning / navigation (mapping, path planning)","Curiosity about robotics, Interest in AI/autonomy, Hands-on experience, Career goals","Deeper understanding of simulations (PyBullet), Mapping and perception",Mathematical foundations for robotic programming,3,4,4,4,3,4,7,7,7,7,4,4,3,4,atg008@ucsd.edu,Yes,5,,7,7,7,6,5,4,5,4,7,5,5,4,5,5,5,5,OGM Coding Challenge (Notebook 3),5,7,,,,,,,,,
1/21/2026 19:10:37,Yes,Bressenham's line algorithm,Presentation,,I think the pacing of the presentation was a bit fast. Could slow down to explain concepts,Yes,Ttl030@ucsd.edu,4,5,5,,4,3,3,3,3,5,3,,"Not sure where to start, Nothing in particular","Cost of parts/tools, Not sure where to start","Building hardware / mechanical design, Embedded programming (Arduino, microcontrollers), Product/design applications (healthcare, manufacturing, home)","Curiosity about robotics, Hands-on experience, Learning programming","Deeper understanding of simulations (PyBullet), Robotics programming, Mapping and perception",I honestly just got a better understanding of the concepts presented in the workshop. ,5,5,5,5,5,4,6,6,6,7,6,5,4,5,ttl030@ucsd.edu,Yes,6,,7,6,6,6,6,4,7,7,6,6,6,5,5,7,5,7,OGM Coding Challenge (Notebook 3),4,6,,,,,,,,,
1/21/2026 19:10:57,Yes,Bressenham's line algorithm,Presentation,,I like the coding challenges but I had a really hard time comparing the slides to what I was supposed to do in the code. Maybe a bit more clarity on how to compare it.,Yes,dstennet@ucsd.edu,7,5,2,,3,3,2,2,4,5,2,,"Lack of confidence, Not sure where to start","Not enough time, Hard to find guidance/mentors","Embedded programming (Arduino, microcontrollers), Computer vision / perception","Curiosity about robotics, Career goals","Deeper understanding of simulations (PyBullet), Robotics programming",I think just a good intro to what autonomous robots look like,3,4,3,4,3,4,5,5,5,5,5,6,4,4,dstennet@ucsd.edu,Yes,5,,7,4,6,5,5,1,5,4,6,6,7,5,6,5,4,6,Lidar & Frame Transformation Coding Challenge (Notebook 2),4,5,,,,,,,,,
1/21/2026 19:11:14,Yes,Lidar observation model,Hands-on experience,,Na,Yes,Mil118@ucsd.edu,6,6,6,,6,6,6,6,6,6,6,,Nothing in particular,Nothing in particular,Not sure yet,Learning programming,Understanding sensors,Lidar,6,6,6,6,6,6,6,6,6,7,6,6,6,5,mil118@ucsd.edu,Yes,6,,7,7,7,7,6,6,6,5,6,6,6,5,6,6,6,6,Bresenham Coding Challenge (Notebook 1),6,6,,,,,,,,,
1/21/2026 19:11:23,Yes,Bressenham's line algorithm,Hands-on experience,,NA,Yes,cahuen@ucsd.edu,1,1,6,,6,6,5,6,6,6,6,,"Lack of resources, Lack of confidence, No prior exposure, Not sure where to start","Not enough time, Not enough background, Cost of parts/tools, Hard to find guidance/mentors, Not sure where to start","Building hardware / mechanical design, Electronics / sensors, Embedded programming (Arduino, microcontrollers), Robot control (PID, motion), Machine learning for robotics, Planning / navigation (mapping, path planning)",Curiosity about robotics,"Deeper understanding of simulations (PyBullet), Robotics programming, Mapping and perception",I can use Matlab well,1,6,6,6,6,6,6,6,6,7,6,7,7,5,cahuen@ucsd.edu,Not applicable,6,,6,6,6,6,4,6,5,6,6,6,7,6,6,7,6,6,Lidar & Frame Transformation Coding Challenge (Notebook 2),6,6,,,,,,,,,
1/21/2026 19:11:50,Yes,Bressenham's line algorithm,Code implementation,,Providing some of the core concepts beforehand would help with implementing the logic during the session and ask some clarifying questions. ,Yes,roadhikari@ucsd.edu,5,5,4,,4,5,4,4,4,4,4,,"Lack of resources, Lack of confidence, No prior exposure, Not sure where to start","Not enough background, Hard to find guidance/mentors, Not sure where to start","Building hardware / mechanical design, Electronics / sensors, Embedded programming (Arduino, microcontrollers), Robot control (PID, motion), Computer vision / perception, Machine learning for robotics, Planning / navigation (mapping, path planning), Product/design applications (healthcare, manufacturing, home)","Curiosity about robotics, Interest in AI/autonomy, Hands-on experience, Career goals, Learning programming","Robotics programming, Mapping and perception",I learned about the new algorithms and mapping concepts and the application of math in the transformations.  ,4,4,4,5,4,4,7,7,7,7,5,5,5,4,roadhikari@ucsd.edu,Yes,5,,7,7,7,7,5,4,6,6,7,5,5,5,5,6,5,7,Bresenham Coding Challenge (Notebook 1),5,7,,,,,,,,,
1/21/2026 19:12:06,Yes,Coordinate frames and transformations,Hands-on experience,,N/A,No,N/A,5,5,4,,4,4,3,4,4,5,4,,"Lack of resources, Lack of confidence, No prior exposure, Not sure where to start","Not enough time, Cost of parts/tools, Not sure where to start, Nothing in particular","Building hardware / mechanical design, Electronics / sensors, Embedded programming (Arduino, microcontrollers), Robot control (PID, motion), Computer vision / perception, Machine learning for robotics, Planning / navigation (mapping, path planning), Human-robot interaction, Robot simulation (Gazebo, PyBullet, etc.)","Curiosity about robotics, Interest in AI/autonomy, Hands-on experience, Career goals","Robotics programming, Mapping and perception, Understanding sensors",More practice,4,4,5,6,3,4,7,7,7,7,7,7,5,5,d2gao@ucsd.edu,Yes,6,,7,6,7,5,6,2,6,7,7,7,7,7,7,7,7,7,OGM Coding Challenge (Notebook 3),4,7,,,,,,,,,
1/21/2026 19:12:40,Yes,Coordinate frames and transformations,Hands-on experience,,Coding the transformation was not very intuitive when the numbers were very similar ,Yes,aao@ucsd.edu,4,2,4,,5,3,3,3,6,5,5,,Not sure where to start,"Not enough time, Cost of parts/tools, Hard to find guidance/mentors, Not sure where to start","Electronics / sensors, Robot control (PID, motion), Computer vision / perception, Machine learning for robotics, Planning / navigation (mapping, path planning)","Curiosity about robotics, Interest in AI/autonomy","Deeper understanding of simulations (PyBullet), Robotics programming",A foot into the door of robotics,3,6,6,4,5,3,6,6,6,4,3,4,3,4,aao@ucsd.edu,Yes,5,,7,5,7,5,4,2,4,4,6,2,5,4,5,6,5,7,Lidar & Frame Transformation Coding Challenge (Notebook 2),5,7,,,,,,,,,
1/21/2026 19:12:40,Yes,Bressenham's line algorithm,Simulation,,i felt that instructions were slightly unclear for when we started coding,Yes,NA,1,1,4,,4,1,2,4,6,4,7,,"Lack of confidence, No prior exposure, Not sure where to start","Not enough time, Not enough background","Building hardware / mechanical design, Robot control (PID, motion), Human-robot interaction, Product/design applications (healthcare, manufacturing, home)",Curiosity about robotics,Understanding sensors,i learned how important direction angles are in vision,6,6,6,7,7,7,7,7,4,7,7,4,6,4,kkt005@ucsd.edu,No,6,,7,5,7,5,4,6,5,7,7,7,7,6,7,7,3,7,Playing around with PyBullet simulation,6,6,,,,,,,,,
1/21/2026 19:13:32,Yes,Implementing the concepts in Python,Code implementation,,Just the lack of exposure to the topics presented in the slides,Yes,Clm016@ucsd.edu,4,5,4,,4,4,3,4,5,5,5,,"Lack of resources, Lack of confidence, No prior exposure, Not sure where to start","Not enough background, Hard to find guidance/mentors","Electronics / sensors, Robot control (PID, motion), Computer vision / perception, Machine learning for robotics, Human-robot interaction","Curiosity about robotics, Interest in AI/autonomy, Hands-on experience, Career goals, Learning programming","Deeper understanding of simulations (PyBullet), Robotics programming, Mapping and perception, Understanding sensors",Also how to do a bit of python.,5,4,4,4,4,4,7,7,7,7,7,4,4,5,clm016@ucsd.edu,Yes,5,,7,7,7,5,4,4,6,4,6,5,6,4,6,7,4,4,Playing around with PyBullet simulation,5,7,,,,,,,,,
1/21/2026 19:13:35,Yes,Lidar observation model,Presentation,,Walking through implementation in code,No,Na,6,6,4,,2,1,2,2,4,2,5,,"Lack of resources, No prior exposure, Not sure where to start","Not enough time, Not enough background, Hard to find guidance/mentors, Not sure where to start","Building hardware / mechanical design, Electronics / sensors, Embedded programming (Arduino, microcontrollers), Robot control (PID, motion), Computer vision / perception, Machine learning for robotics, Human-robot interaction, Robot simulation (Gazebo, PyBullet, etc.)","Curiosity about robotics, Interest in AI/autonomy, Hands-on experience, Career goals","Deeper understanding of simulations (PyBullet), Mapping and perception",More interest in autonomous systems,4,5,2,5,5,4,6,4,4,7,5,5,5,4,pjlittle@ucsd.edu,Yes,6,,7,7,7,6,5,5,4,5,5,4,6,5,5,6,5,7,OGM Coding Challenge (Notebook 3),6,6,,,,,,,,,
1/21/2026 19:15:45,Yes,Bressenham's line algorithm,Presentation,,N/A,Yes,khbanks@ucsd.edu,3,2,4,,5,4,6,2,4,1,4,,"Lack of resources, No prior exposure, Not sure where to start","Not enough time, Cost of parts/tools","Building hardware / mechanical design, Embedded programming (Arduino, microcontrollers), Machine learning for robotics, Human-robot interaction, Robot simulation (Gazebo, PyBullet, etc.)","Curiosity about robotics, Career goals","Deeper understanding of simulations (PyBullet), Robotics programming, Mapping and perception, Understanding sensors",Lidar knowledge ,6,4,3,5,4,5,6,6,6,6,5,6,6,5,khbanks@gmail.com,No,6,,5,5,6,7,4,2,5,6,5,6,6,6,7,6,5,5,Lidar & Frame Transformation Coding Challenge (Notebook 2),4,6,,,,,,,,,
1/21/2026 19:18:03,Yes,Bressenham's line algorithm,Hands-on experience,,The LiDAR transformation presentation wasn’t clear enough to understand directly.,Yes,folin@ucsd.edu,6,6,6,,6,6,6,6,6,6,6,,Nothing in particular,Nothing in particular,"Building hardware / mechanical design, Electronics / sensors, Embedded programming (Arduino, microcontrollers), Robot control (PID, motion), Computer vision / perception, Machine learning for robotics, Planning / navigation (mapping, path planning), Human-robot interaction, Product/design applications (healthcare, manufacturing, home), Robot simulation (Gazebo, PyBullet, etc.)","Interest in AI/autonomy, Hands-on experience",Robotics programming,Sensor and algorithm ,6,6,6,6,6,6,6,6,6,6,6,6,6,4,folin@ucsd.edu,Yes,6,,6,6,6,6,6,6,7,7,7,7,7,7,7,7,7,7,Playing around with PyBullet simulation,7,6,,,,,,,,,
1/21/2026 20:12:55,Yes,Implementing the concepts in Python,Hands-on experience,,Well I kinda forgot how to code in python like when I asked for helped I understood the concepts but not the coding aspect,Yes,Dperezolguin@ucsd.edu,3,1,4,,3,2,2,2,3,3,5,,"No prior exposure, Not sure where to start","Not enough time, Cost of parts/tools, Hard to find guidance/mentors, Not sure where to start","Building hardware / mechanical design, Robot control (PID, motion), Machine learning for robotics, Human-robot interaction, Product/design applications (healthcare, manufacturing, home)","Curiosity about robotics, Interest in AI/autonomy, Hands-on experience, Career goals, Learning programming, Boston dynamics ",I understand the concepts,Well I got some new friends and I learned that I forgot all my python knowledge.,2,6,6,3,2,4,7,7,7,7,3,3,4,5,dperezolguin@ucsd.edu,Yes,5,,7,7,7,7,3,4,2,5,7,4,4,4,3,7,3,4,Lidar & Frame Transformation Coding Challenge (Notebook 2),4,7,,,,,,,,,
1/21/2026 20:32:10,Yes,Bressenham's line algorithm,Hands-on experience,,Spending a bit more time on explaining the concepts.,Yes,soy008@ucsd.edu,5,6,6,,6,5,3,2,3,3,6,,"Lack of resources, Lack of confidence, No prior exposure","Not enough time, Hard to find guidance/mentors","Electronics / sensors, Computer vision / perception, Machine learning for robotics, Planning / navigation (mapping, path planning)",Interest in AI/autonomy,"Deeper understanding of simulations (PyBullet), Robotics programming, Mapping and perception, Understanding sensors",I really enjoy the math explanation.,3,5,6,5,3,3,6,6,6,6,6,5,7,5,soy008@ucsd.edu,Yes,6,,6,5,7,5,7,5,4,6,6,4,7,5,6,7,7,6,Lidar & Frame Transformation Coding Challenge (Notebook 2),4,6,,,,,,,,,
1/31/2026 18:01:44,Yes,Bressenham's line algorithm,Hands-on experience,,I think if we went over the coding solution a little bit then it would be a lot better,Yes,erahman@ucsd.edu,6,6,7,,5,4,4,4,5,6,4,,"Lack of resources, Not sure where to start","Cost of parts/tools, Hard to find guidance/mentors, Not sure where to start","Building hardware / mechanical design, Electronics / sensors, Embedded programming (Arduino, microcontrollers), Robot control (PID, motion), Computer vision / perception, Machine learning for robotics, Planning / navigation (mapping, path planning)","Curiosity about robotics, Interest in AI/autonomy, Hands-on experience, Career goals","Deeper understanding of simulations (PyBullet), Robotics programming, Mapping and perception, Understanding sensors",I learned more about robotics,6,7,6,6,6,6,7,7,7,7,6,5,5,5,erahman@ucsd.edu,Yes,5,,7,7,7,7,7,2,6,7,7,7,6,6,7,7,5,7,Playing around with PyBullet simulation,5,7,,,,,,,,,